Workbook

Sheet Register
A1: HVMC Risk Register
A2: Horizon Valley Medical Center — Healthcare IAM Operations Simulation · Prepared by Sabitha S Karanavar · October 13, 2026 · Score and Rating are formulas; log every change on the History sheet
A4: ID | B4: Risk | C4: Asset | D4: Threat (ATT&CK) | E4: Vulnerability (evidence) | F4: Found by (B=Brainstorm C=Checklist S=SWOT) | G4: Likelihood (1-5) | H4: Impact (1-5) | I4: Score | J4: Rating | K4: Scoring rationale | L4: Owner | M4: Treatment | N4: Status | O4: Date opened | P4: Target date | Q4: Last reviewed | R4: Next review | S4: Source / link
A5: R01 | B5: Security incident goes undetected for months (no central logging or alerting) | C5: All Azure resources | D5: External attacker / insider (T1562.008 Disable Cloud Logs) | E5: V01: 0 Log Analytics workspaces, 0 activity-log diagnostic settings, 0 alert rules, 0 NSG flow logs | F5: BCS | G5: 4 | H5: 5 | I5: =G5*H5 | J5: =IF(I5>=20,"Critical",IF(I5>=12,"High",IF(I5>=6,"Medium","Low"))) | K5: L4: incidents are likely in a year, and with no alerting none would be seen; IBM 2025 puts the healthcare breach lifecycle at 279 days. I5: undetected ePHI exposure reaches 10,000+ records. | L5: Fatima Ali | M5: Mitigate: Log Analytics + diagnostic settings + alert rules (G1) | N5: Open | O5: 46308 | P5: 46319 | Q5: 46308 | R5: =Q5+30 | S5: HIPAA gap G1
A6: R02 | B6: ePHI exfiltration from EHR storage over the public internet | C6: hvmcehrstorage (ePHI) | D6: External attacker using stolen key or SAS token (T1530 Data from Cloud Storage) | E6: V02: public network access Enabled, firewall default Allow, shared-key access enabled | F6: BC | G6: 3 | H6: 5 | I6: =G6*H6 | J6: =IF(I6>=20,"Critical",IF(I6>=12,"High",IF(I6>=6,"Medium","Low"))) | K6: L3: storage endpoint is reachable from anywhere; a leaked key alone is enough. I5: whole EHR store exposed. | L6: Fatima Ali | M6: Mitigate: deny public access, disable shared key, private endpoint (G2) | N6: Open | O6: 46308 | P6: 46319 | Q6: 46308 | R6: =Q6+30 | S6: HIPAA gap G2
A7: R03 | B7: Lateral movement from Web tier to Data tier | C7: HVMC-Data-Subnet (SQL 1433) | D7: Attacker on compromised web server (T1021 Remote Services) | E7: V03: HVMC-Data-NSG has no deny rule; default AllowVnetInBound (65000) permits Web→Data on any port | F7: C | G7: 3 | H7: 5 | I7: =G7*H7 | J7: =IF(I7>=20,"Critical",IF(I7>=12,"High",IF(I7>=6,"Medium","Low"))) | K7: L3: needs a web-tier compromise first (internet-facing on 443). I5: direct path to the database holding ePHI. | L7: Fatima Ali | M7: Mitigate: Deny-All-VNet-Inbound rule priority 4000 on Data and App NSGs (G3) | N7: Open | O7: 46308 | P7: 46312 | Q7: 46308 | R7: =Q7+30 | S7: HIPAA gap G3
A8: R04 | B8: Loss or takeover of the only Global Administrator account | C8: Entra ID tenant | D8: Phishing / account lockout (T1078.004 Valid Cloud Accounts) | E8: V04: 1 Global Administrator, no break-glass account, same person is subscription Owner | F8: BCS | G8: 3 | H8: 4 | I8: =G8*H8 | J8: =IF(I8>=20,"Critical",IF(I8>=12,"High",IF(I8>=6,"Medium","Low"))) | K8: L3: one account, used daily. I4: takeover gives full control; lockout halts all admin and recovery. | L8: Sabitha S Karanavar | M8: Mitigate: break-glass account + second admin via PIM (G4) | N8: Open | O8: 46308 | P8: 46312 | Q8: 46308 | R8: =Q8+30 | S8: HIPAA gap G4
A9: R05 | B9: Ransomware or malicious deletion destroys EHR data | C9: hvmcehrstorage (ePHI) | D9: Ransomware group (T1486 Data Encrypted for Impact, T1485 Data Destruction) | E9: V05: blob versioning off, soft delete only 7 days, 0 resource locks, restore never tested | F9: BS | G9: 3 | H9: 5 | I9: =G9*H9 | J9: =IF(I9>=20,"Critical",IF(I9>=12,"High",IF(I9>=6,"Medium","Low"))) | K9: L3: ransomware is the top healthcare threat. I5: >3 days EHR outage and patient-safety impact. Re-scored from 8 (G8) after threat assessment. | L9: Fatima Ali | M9: Mitigate: versioning, 30-day soft delete, immutability, resource locks, restore test (G8) | N9: Open | O9: 46308 | P9: 46326 | Q9: 46308 | R9: =Q9+30 | S9: HIPAA gap G8
A10: R06 | B10: Contractor retains access after engagement ends; no BAA | C10: VPN Portal | D10: Trusted third party (T1078 Valid Accounts) | E10: V06: Carlos Diaz account has no expiry date; no business associate agreement on file | F10: BC | G10: 2 | H10: 4 | I10: =G10*H10 | J10: =IF(I10>=20,"Critical",IF(I10>=12,"High",IF(I10>=6,"Medium","Low"))) | K10: L2: one contractor, read-only VPN. I4: unmanaged third-party access is a HIPAA violation even without misuse. | L10: Kevin O'Brien | M10: Mitigate: account end date + access review; sign BAA (G6) | N10: Open | O10: 46308 | P10: 46312 | Q10: 46308 | R10: =Q10+30 | S10: HIPAA gap G6
A11: R07 | B11: Shared test account in production can read ePHI | C11: hvmcehrstorage (ePHI) | D11: Insider or attacker reusing test credentials (T1078) | E11: V07: Test Nurse - EHR holds HVMC-Nurse-EHR-ReadOnly on hvmcehrstorage | F11: C | G11: 2 | H11: 3 | I11: =G11*H11 | J11: =IF(I11>=20,"Critical",IF(I11>=12,"High",IF(I11>=6,"Medium","Low"))) | K11: L2: MFA required, account rarely used. I3: read-only, but not traceable to a person. | L11: Sabitha S Karanavar | M11: Mitigate: move to non-production or remove role when testing ends (G7) | N11: Open | O11: 46308 | P11: 46319 | Q11: 46308 | R11: =Q11+30 | S11: HIPAA gap G7
A12: R08 | B12: Consent phishing or rogue app via open tenant settings | C12: Entra ID tenant | D12: External attacker (T1528 Steal Application Access Token) | E12: V08: any user can register apps and create tenants; guest invites allowed from everyone | F12: C | G12: 3 | H12: 4 | I12: =G12*H12 | J12: =IF(I12>=20,"Critical",IF(I12>=12,"High",IF(I12>=6,"Medium","Low"))) | K12: L3: illicit-consent attacks are common against Microsoft 365/Entra. I4: app could read user data without MFA prompts. | L12: Sabitha S Karanavar | M12: Mitigate: restrict app registration, tenant creation and guest invites to admins | N12: Open | O12: 46308 | P12: 46319 | Q12: 46308 | R12: =Q12+30
A13: R09 | B13: Remote code execution via OpenSSH 6.6.1p1 (CVE-2023-38408, CVSS 9.8) | C13: Legacy public server (scanme.nmap.org lab target) | D13: External attacker (T1190 Exploit Public-Facing Application) | E13: V09: decade-old OpenSSH with ssh-agent forwarding flaw | F13: C | G13: 3 | H13: 5 | I13: =G13*H13 | J13: =IF(I13>=20,"Critical",IF(I13>=12,"High",IF(I13>=6,"Medium","Low"))) | K13: L3: needs agent forwarding to an attacker host. I5: full host compromise. Carried from Sept 8 report and re-scored on the 5×5 scale. | L13: Kevin O'Brien | M13: Mitigate: upgrade OpenSSH, disable agent forwarding | N13: Open | O13: 46273 | P13: 46326 | Q13: 46308 | R13: =Q13+30 | S13: Sept risk report
A14: R10 | B14: Remote code execution via Apache 2.4.7 mod_lua (CVE-2021-44790, CVSS 9.8) | C14: Legacy public server (scanme.nmap.org lab target) | D14: External attacker (T1190) | E14: V10: Apache 2.4.7 with public exploits available | F14: C | G14: 4 | H14: 5 | I14: =G14*H14 | J14: =IF(I14>=20,"Critical",IF(I14>=12,"High",IF(I14>=6,"Medium","Low"))) | K14: L4: public exploit code exists and the service faces the internet. I5: RCE on a public web server. | L14: Kevin O'Brien | M14: Mitigate: upgrade Apache, disable mod_lua, WAF in front | N14: Open | O14: 46273 | P14: 46326 | Q14: 46308 | R14: =Q14+30 | S14: Sept risk report
A15: R11 | B15: Malware uploaded to EHR storage is not detected | C15: hvmcehrstorage (ePHI) | D15: External attacker / infected workstation (T1105 Ingress Tool Transfer) | E15: V11: all Defender for Cloud workload plans on Free tier; 0 security contacts configured | F15: CS | G15: 3 | H15: 4 | I15: =G15*H15 | J15: =IF(I15>=20,"Critical",IF(I15>=12,"High",IF(I15>=6,"Medium","Low"))) | K15: L3: clinical files arrive from many devices. I4: malware spreads to clinician workstations; nobody is notified. | L15: Denise Coleman | M15: Mitigate: Defender for Storage + security contact email | N15: Open | O15: 46308 | P15: 46326 | Q15: 46308 | R15: =Q15+30
A16: R12 | B16: Clinician credentials stolen by MFA-bypass (AiTM) phishing | C16: EHR access (Doctors/Nursing groups) | D16: Phishing operator (T1566 Phishing, T1557 Adversary-in-the-Middle) | E16: V12: security defaults allow push/OTP MFA; no Conditional Access or phishing-resistant MFA | F16: BS | G16: 3 | H16: 4 | I16: =G16*H16 | J16: =IF(I16>=20,"Critical",IF(I16>=12,"High",IF(I16>=6,"Medium","Low"))) | K16: L3: AiTM kits target healthcare routinely. I4: attacker gets one clinician's EHR read/write access. | L16: Denise Coleman | M16: Mitigate: Entra ID P1 Conditional Access + phishing-resistant MFA for clinical groups | N16: Open | O16: 46308 | P16: 46356 | Q16: 46308 | R16: =Q16+30
A17: R13 | B17: Workforce member views patient records without a care need (snooping) | C17: EHR (12 clinical users with RW) | D17: Curious or malicious insider | E17: V13: no record-level access auditing or monthly access-log review | F17: BS | G17: 3 | H17: 4 | I17: =G17*H17 | J17: =IF(I17>=20,"Critical",IF(I17>=12,"High",IF(I17>=6,"Medium","Low"))) | K17: L3: most common HIPAA complaint type. I4: OCR investigation, sanctions, loss of patient trust. | L17: Denise Coleman | M17: Mitigate: EHR access auditing + monthly review by system owner | N17: Open | O17: 46308 | P17: 46356 | Q17: 46308 | R17: =Q17+30
A18: R14 | B18: Workforce violations go unpunished; training not tracked | C18: Workforce | D18: Negligent insider | E18: V14: no sanction policy; HIPAA training completion not recorded | F18: BC | G18: 2 | H18: 4 | I18: =G18*H18 | J18: =IF(I18>=20,"Critical",IF(I18>=12,"High",IF(I18>=6,"Medium","Low"))) | K18: L2: policy gap, not an active threat. I4: required HIPAA standard; OCR penalty exposure. | L18: Daniel Osei | M18: Mitigate: write sanction policy, track training (G5) | N18: Open | O18: 46308 | P18: 46326 | Q18: 46308 | R18: =Q18+30 | S18: HIPAA gap G5
A19: R15 | B19: Accidental deletion of production network or storage | C19: HVMC-CloudSecurity-RG | D19: Administrator error | E19: V15: 0 resource locks on the production resource group | F19: C | G19: 2 | H19: 4 | I19: =G19*H19 | J19: =IF(I19>=20,"Critical",IF(I19>=12,"High",IF(I19>=6,"Medium","Low"))) | K19: L2: few admins, changes are infrequent. I4: deleting the VNet or storage takes the patient portal offline. | L19: Kevin O'Brien | M19: Mitigate: CanNotDelete lock on HVMC-CloudSecurity-RG | N19: Open | O19: 46308 | P19: 46312 | Q19: 46308 | R19: =Q19+30
A20: R16 | B20: Breach notification deadline missed (no Privacy Officer) | C20: Regulatory compliance | D20: Process failure | E20: V16: Privacy Officer role vacant | F20: BS | G20: 2 | H20: 4 | I20: =G20*H20 | J20: =IF(I20>=20,"Critical",IF(I20>=12,"High",IF(I20>=6,"Medium","Low"))) | K20: L2: needs a breach first. I4: missing the 60-day §164.404 deadline adds a separate violation. | L20: Denise Coleman | M20: Mitigate: designate a Privacy Officer and a breach-assessment procedure | N20: Open | O20: 46308 | P20: 46356 | Q20: 46308 | R20: =Q20+30
B22: Summary
B23: Critical | C23: =COUNTIF($J$5:$J$20,B23)
B24: High | C24: =COUNTIF($J$5:$J$20,B24)
B25: Medium | C25: =COUNTIF($J$5:$J$20,B25)
B26: Low | C26: =COUNTIF($J$5:$J$20,B26)
B27: Total | C27: =SUM(C23:C26)

Sheet History
A1: Risk Register — Change History (append-only)
A2: Add a new row for every new risk, re-score, status change or review. Never edit or delete old rows.
A4: Date | B4: Risk ID | C4: Event | D4: Old score | E4: New score | F4: Old status | G4: New status | H4: Changed by | I4: Reason / evidence
A5: 46273 | B5: R09 | C5: Opened | E5: Critical (legacy) | G5: Open | H5: Sabitha S Karanavar | I5: Identified in Apply Vulnerability Assessment Techniques scan; rated with Sept impact-floor method
A6: 46273 | B6: R10 | C6: Opened | E6: Critical (legacy) | G6: Open | H6: Sabitha S Karanavar | I6: Identified in Apply Vulnerability Assessment Techniques scan; rated with Sept impact-floor method
A7: 46308 | B7: R01 | C7: Opened | E7: 20 | G7: Open | H7: Sabitha S Karanavar | I7: HIPAA matrix gap G1 (audit controls)
A8: 46308 | B8: R02 | C8: Opened | E8: 15 | G8: Open | H8: Sabitha S Karanavar | I8: HIPAA matrix gap G2 (storage public access)
A9: 46308 | B9: R03 | C9: Opened | E9: 15 | G9: Open | H9: Sabitha S Karanavar | I9: HIPAA matrix gap G3 (Data NSG)
A10: 46308 | B10: R04 | C10: Opened | E10: 12 | G10: Open | H10: Sabitha S Karanavar | I10: HIPAA matrix gap G4 (single Global Admin)
A11: 46308 | B11: R05 | C11: Opened | E11: 8 | G11: Open | H11: Sabitha S Karanavar | I11: HIPAA matrix gap G8 (versioning off, DR untested)
A12: 46308 | B12: R06 | C12: Opened | E12: 8 | G12: Open | H12: Sabitha S Karanavar | I12: HIPAA matrix gap G6 (contractor)
A13: 46308 | B13: R07 | C13: Opened | E13: 6 | G13: Open | H13: Sabitha S Karanavar | I13: HIPAA matrix gap G7 (test account)
A14: 46308 | B14: R14 | C14: Opened | E14: 8 | G14: Open | H14: Sabitha S Karanavar | I14: HIPAA matrix gap G5 (sanction policy)
A15: 46308 | B15: R09 | C15: Re-scored | D15: Critical (legacy) | E15: 15 | F15: Open | G15: Open | H15: Anthony Ruiz | I15: Converted to HVMC 5×5 scale (L3×I5). Likelihood Medium → 3.
A16: 46308 | B16: R10 | C16: Re-scored | D16: Critical (legacy) | E16: 20 | F16: Open | G16: Open | H16: Anthony Ruiz | I16: Converted to HVMC 5×5 scale (L4×I5). Public exploit code raises likelihood to 4.
A17: 46308 | B17: R05 | C17: Re-scored | D17: 8 | E17: 15 | F17: Open | G17: Open | H17: Anthony Ruiz | I17: Threat assessment: ransomware is the leading healthcare threat (L2→3) and EHR loss is patient-safety impact (I4→5).
A18: 46308 | B18: R08 | C18: Opened | E18: 12 | G18: Open | H18: Anthony Ruiz | I18: CIS checklist: open app registration and guest invites
A19: 46308 | B19: R11 | C19: Opened | E19: 12 | G19: Open | H19: Anthony Ruiz | I19: CIS checklist: Defender plans Free, no security contact
A20: 46308 | B20: R12 | C20: Opened | E20: 12 | G20: Open | H20: Anthony Ruiz | I20: Brainstorming + SWOT: AiTM phishing of clinicians
A21: 46308 | B21: R13 | C21: Opened | E21: 12 | G21: Open | H21: Anthony Ruiz | I21: Brainstorming: insider snooping on patient records
A22: 46308 | B22: R15 | C22: Opened | E22: 8 | G22: Open | H22: Anthony Ruiz | I22: CIS checklist: no resource locks
A23: 46308 | B23: R16 | C23: Opened | E23: 8 | G23: Open | H23: Anthony Ruiz | I23: Brainstorming + SWOT: Privacy Officer vacancy

Sheet Heat Map
A1: 5×5 Risk Heat Map
A2: Each cell counts risks on the Register with that Likelihood and Impact (COUNTIFS) — updates automatically
A4: Likelihood ↓ / Impact → | B4: 1 – Negligible | C4: 2 – Minor | D4: 3 – Moderate | E4: 4 – Major | F4: 5 – Severe
A5: 5 – Almost certain | B5: =COUNTIFS(Register!$G$5:$G$200,5,Register!$H$5:$H$200,1) | C5: =COUNTIFS(Register!$G$5:$G$200,5,Register!$H$5:$H$200,2) | D5: =COUNTIFS(Register!$G$5:$G$200,5,Register!$H$5:$H$200,3) | E5: =COUNTIFS(Register!$G$5:$G$200,5,Register!$H$5:$H$200,4) | F5: =COUNTIFS(Register!$G$5:$G$200,5,Register!$H$5:$H$200,5)
A6: 4 – Likely | B6: =COUNTIFS(Register!$G$5:$G$200,4,Register!$H$5:$H$200,1) | C6: =COUNTIFS(Register!$G$5:$G$200,4,Register!$H$5:$H$200,2) | D6: =COUNTIFS(Register!$G$5:$G$200,4,Register!$H$5:$H$200,3) | E6: =COUNTIFS(Register!$G$5:$G$200,4,Register!$H$5:$H$200,4) | F6: =COUNTIFS(Register!$G$5:$G$200,4,Register!$H$5:$H$200,5)
A7: 3 – Possible | B7: =COUNTIFS(Register!$G$5:$G$200,3,Register!$H$5:$H$200,1) | C7: =COUNTIFS(Register!$G$5:$G$200,3,Register!$H$5:$H$200,2) | D7: =COUNTIFS(Register!$G$5:$G$200,3,Register!$H$5:$H$200,3) | E7: =COUNTIFS(Register!$G$5:$G$200,3,Register!$H$5:$H$200,4) | F7: =COUNTIFS(Register!$G$5:$G$200,3,Register!$H$5:$H$200,5)
A8: 2 – Unlikely | B8: =COUNTIFS(Register!$G$5:$G$200,2,Register!$H$5:$H$200,1) | C8: =COUNTIFS(Register!$G$5:$G$200,2,Register!$H$5:$H$200,2) | D8: =COUNTIFS(Register!$G$5:$G$200,2,Register!$H$5:$H$200,3) | E8: =COUNTIFS(Register!$G$5:$G$200,2,Register!$H$5:$H$200,4) | F8: =COUNTIFS(Register!$G$5:$G$200,2,Register!$H$5:$H$200,5)
A9: 1 – Rare | B9: =COUNTIFS(Register!$G$5:$G$200,1,Register!$H$5:$H$200,1) | C9: =COUNTIFS(Register!$G$5:$G$200,1,Register!$H$5:$H$200,2) | D9: =COUNTIFS(Register!$G$5:$G$200,1,Register!$H$5:$H$200,3) | E9: =COUNTIFS(Register!$G$5:$G$200,1,Register!$H$5:$H$200,4) | F9: =COUNTIFS(Register!$G$5:$G$200,1,Register!$H$5:$H$200,5)
A11: Bands: Critical 20–25 · High 12–19 · Medium 6–11 · Low 1–5 (score = Likelihood × Impact)
A13: Risks by cell (as of report date)
A14: L4 × I5 = 20 | B14: R01, R10
A15: L3 × I5 = 15 | B15: R02, R03, R05, R09
A16: L3 × I4 = 12 | B16: R04, R08, R11, R12, R13
A17: L2 × I4 = 8 | B17: R06, R14, R15, R16
A18: L2 × I3 = 6 | B18: R07

Sheet ALE Calculator
A1: Quantitative Analysis — ALE, ROSI and EMV
A2: Yellow cells are inputs; everything else is calculated. AV = IBM 2025 healthcare breach avg + HIPAA 2025 annual penalty cap.
A4: IBM 2025 healthcare avg breach cost | B4: 7420000
A5: HIPAA annual cap per provision (2025 adj.) | B5: 2190294
A6: Asset Value (AV) — EHR data | B6: =B4+B5
A7: Labor rate ($/hour) | B7: 75
A9: Risk | B9: Scenario | C9: AV | D9: EF | E9: SLE = AV×EF | F9: ARO | G9: ALE = SLE×ARO | H9: EF after | I9: ARO after | J9: SLE after | K9: ALE after | L9: Control | M9: Annual control cost | N9: Cost basis | O9: ROSI = (ALE−ALE after−cost)/cost
A10: R01 | B10: Undetected incident (279-day dwell) | C10: =$B$6 | D10: 0.15 | E10: =C10*D10 | F10: 0.6 | G10: =E10*F10 | H10: 0.06 | I10: 0.6 | J10: =C10*H10 | K10: =J10*I10 | L10: Log Analytics + diagnostic settings + alert rules | M10: 2131 | N10: ~10 GB/month ingestion ≈ $331/yr + 24 h setup × $75 | O10: =(G10-K10-M10)/M10
A11: R02 | B11: EHR storage exfiltration | C11: =$B$6 | D11: 0.25 | E11: =C11*D11 | F11: 0.25 | G11: =E11*F11 | H11: 0.25 | I11: 0.05 | J11: =C11*H11 | K11: =J11*I11 | L11: Deny public access, disable shared key, private endpoint | M11: 1300 | N11: Private endpoint ≈ $90/yr + 16 h × $75 | O11: =(G11-K11-M11)/M11
A12: R05 | B12: Ransomware / deletion of EHR data | C12: =$B$6 | D12: 0.55 | E12: =C12*D12 | F12: 0.2 | G12: =E12*F12 | H12: 0.15 | I12: 0.2 | J12: =C12*H12 | K12: =J12*I12 | L12: Versioning, 30-day soft delete, locks, restore test | M12: 2400 | N12: Version storage ≈ $600/yr + 24 h restore test × $75 | O12: =(G12-K12-M12)/M12
A13: R12 | B13: AiTM phishing of a clinician | C13: =$B$6 | D13: 0.05 | E13: =C13*D13 | F13: 0.35 | G13: =E13*F13 | H13: 0.05 | I13: 0.08 | J13: =C13*H13 | K13: =J13*I13 | L13: Entra ID P1 Conditional Access for 31 users | M13: 2232 | N13: 31 users × $6/month × 12 | O13: =(G13-K13-M13)/M13
A14: R13 | B14: Insider snooping incident | C14: =$B$6 | D14: 0.026 | E14: =C14*D14 | F14: 0.3 | G14: =E14*F14 | H14: 0.026 | I14: 0.1 | J14: =C14*H14 | K14: =J14*I14 | L14: EHR access auditing + monthly owner review | M14: 3600 | N14: 4 h/month × $75 × 12 | O14: =(G14-K14-M14)/M14
A15: Total | G15: =SUM(G10:G14) | K15: =SUM(K10:K14) | M15: =SUM(M10:M14)
A18: EMV decision tree — R05 ransomware
A19: P(attack in year) | B19: 0.2
A21: Option / outcome | B21: Probability (given attack) | C21: Loss | D21: Weighted
A22: A — Accept (no new controls)
A23: Restore fails / pay or rebuild | B23: 0.7 | C23: 5285661.7 | D23: =B23*C23
A24: Partial restore from soft delete | B24: 0.3 | C24: 1500000 | D24: =B24*C24
A25: EMV A = P(attack) × Σ weighted | D25: =$B$19*SUM(D23:D24)
A27: B — Invest in G8 recovery controls | B27: Control cost | C27: 2400
A28: Clean restore from versions | B28: 0.85 | C28: 250000 | D28: =B28*C28
A29: Restore fails | B29: 0.15 | C29: 1441544.1 | D29: =B29*C29
A30: EMV B = cost + P(attack) × Σ weighted | D30: =C27+$B$19*SUM(D28:D29)
A32: Saving from choosing B | D32: =D25-D30
A33: Decision | D33: =IF(D30<D25,"Choose B — invest","Choose A — accept")

Sheet Checklist
A1: CIS-aligned Azure checklist
A2: Run October 13, 2026 with read-only Azure CLI / Graph queries · re-run monthly and add a new results column
A4: Area | B4: Check | C4: Result October 13, 2026 | D4: Evidence | E4: Risk
A5: Identity | B5: MFA required for all users | C5: Pass | D5: Security defaults enforced; device-code sign-in blocked with AADSTS530035 during az login
A6: Identity | B6: Between 2 and 4 Global Administrators | C6: Fail | D6: directoryRoles: Global Administrator = 1 member (Sabitha S Karanavar) | E6: R04
A7: Identity | B7: Guest invitations restricted to admins | C7: Fail | D7: authorizationPolicy.allowInvitesFrom = everyone | E7: R08
A8: Identity | B8: Users cannot register applications | C8: Fail | D8: defaultUserRolePermissions.allowedToCreateApps = true | E8: R08
A9: Identity | B9: Users cannot create tenants | C9: Fail | D9: defaultUserRolePermissions.allowedToCreateTenants = true | E9: R08
A10: Identity | B10: No unreviewed guest accounts | C10: Pass | D10: az ad user list --filter "userType eq 'Guest'" returned 0
A11: Identity | B11: Custom roles grant least privilege | C11: Pass | D11: HVMC-Nurse-EHR-ReadOnly: 3 read-only storage actions
A12: Identity | B12: No test or shared accounts in production | C12: Fail | D12: Test Nurse - EHR has role on hvmcehrstorage | E12: R07
A13: Defender | B13: Defender for Storage enabled | C13: Fail | D13: az security pricing list: StorageAccounts = Free | E13: R11
A14: Defender | B14: Security contact email configured | C14: Fail | D14: az security contact list returned 0 | E14: R11
A15: Defender | B15: Default security policy assigned | C15: Pass | D15: Policy assignment: ASC Default
A16: Storage | B16: Secure transfer (HTTPS) required | C16: Pass | D16: enableHttpsTrafficOnly = true
A17: Storage | B17: Minimum TLS version 1.2 | C17: Pass | D17: minimumTlsVersion = TLS1_2
A18: Storage | B18: Anonymous blob access disabled | C18: Pass | D18: allowBlobPublicAccess = false
A19: Storage | B19: Default network access rule is Deny | C19: Fail | D19: networkRuleSet.defaultAction = Allow; publicNetworkAccess = Enabled | E19: R02
A20: Storage | B20: Shared key access disabled | C20: Fail | D20: allowSharedKeyAccess = true | E20: R02
A21: Storage | B21: Blob soft delete enabled | C21: Pass | D21: deleteRetentionPolicy enabled, 7 days (recommend 14–30)
A22: Storage | B22: Blob versioning enabled | C22: Fail | D22: isVersioningEnabled = null | E22: R05
A23: Storage | B23: Geo-redundant replication | C23: Pass | D23: sku = Standard_RAGRS
A24: Logging | B24: Activity log sent to Log Analytics | C24: Fail | D24: 0 subscription diagnostic settings; 0 Log Analytics workspaces | E24: R01
A25: Logging | B25: Alerts for NSG / policy / security changes | C25: Fail | D25: az monitor activity-log alert list returned 0 | E25: R01
A26: Logging | B26: Network Watcher enabled in region | C26: Pass | D26: Network Watcher present in eastus
A27: Logging | B27: NSG / VNet flow logs enabled | C27: Fail | D27: az network watcher flow-log list returned 0 | E27: R01
A28: Network | B28: No RDP/SSH open to the internet | C28: Pass | D28: Only inbound internet rule is TCP 443 on HVMC-Web-NSG
A29: Network | B29: Admin access through Azure Bastion | C29: Pass | D29: HVMC-Bastion in AzureBastionSubnet 10.0.4.0/26
A30: Network | B30: Tiers isolated (explicit deny between subnets) | C30: Fail | D30: HVMC-Data-NSG relies on default AllowVnetInBound | E30: R03
A31: Governance | B31: Resource locks on production | C31: Fail | D31: az lock list returned 0 | E31: R15
B33: Pass | C33: =COUNTIF(C5:C31,"Pass")
B34: Fail | C34: =COUNTIF(C5:C31,"Fail")
B35: Compliance % | C35: =C33/(C33+C34)

Sheet Scales
A1: Scoring scales
A2: Use these definitions so every reviewer scores consistently. Impact = worst of the four impact columns.
A4: Likelihood | B4: Level | C4: Annual probability | D4: Description
A5: 1 | B5: Rare | C5: < 5% per year (once in 20+ years) | D5: No known threat activity; strong preventive controls
A6: 2 | B6: Unlikely | C6: 5–20% per year | D6: Possible but requires uncommon conditions or skill
A7: 3 | B7: Possible | C7: 20–50% per year | D7: Seen in healthcare peers; partial controls in place
A8: 4 | B8: Likely | C8: 50–90% per year | D8: Active threat campaigns; control missing or weak
A9: 5 | B9: Almost certain | C9: > 90% per year (multiple times) | D9: Already occurring or trivially exploitable
A12: Impact | B12: Level | C12: Financial | D12: ePHI records | E12: Downtime | F12: Patient safety
A13: 1 | B13: Negligible | C13: < $10K | D13: No PHI | E13: < 1 hour | F13: None
A14: 2 | B14: Minor | C14: $10K–$100K | D14: < 50 records | E14: 1–4 hours | F14: None
A15: 3 | B15: Moderate | C15: $100K–$500K | D15: 50–499 records | E15: 4–24 hours | F15: Care delayed, no harm
A16: 4 | B16: Major | C16: $500K–$2M | D16: 500–9,999 records (HHS + media notice) | E16: 1–3 days | F16: Possible temporary harm
A17: 5 | B17: Severe | C17: > $2M | D17: 10,000+ records | E17: > 3 days EHR outage | F17: Serious patient harm
A19: Rating bands
A20: Critical | B20: 20–25: never accepted; escalate within 24 h
A21: High | B21: 12–19: treatment plan within 7 days
A22: Medium | B22: 6–11: treat within 90 days or formally accept
A23: Low | B23: 1–5: monitor, review annually
