Workbook

Sheet Controls
A1: HVMC Risk Mitigation Plan — Selected Controls
A2: October 14, 2026 · Labour $75/h (cell B3) · one-time cost amortized over 3 years (cell D3) · yellow = inputs
A3: Labour $/h | B3: 75 | C3: Amortize (years) | D3: 3
A5: ID | B5: Control | C5: Strategy | D5: Treats | E5: Description | F5: NIST CSF 2.0 | G5: ISO/IEC 27001:2022 Annex A | H5: Owner | I5: Labour hours | J5: Other one-time $ | K5: One-time cost | L5: Annual cost | M5: Annualized cost | N5: Phase | O5: Start week | P5: Weeks | Q5: Objectives | R5: Rationale
A6: C01 | B6: Central logging, alerting and flow logs | C6: Mitigate | D6: R01 | E6: Log Analytics workspace; subscription activity log, storage and Entra audit logs via diagnostic settings; activity-log alert rules for NSG/policy/role changes; VNet flow logs | F6: DE.CM-01, DE.CM-09, DE.AE-02 | G6: 8.15 Logging; 8.16 Monitoring activities | H6: Fatima Ali | I6: 24 | J6: 0 | K6: =I6*$B$3+J6 | L6: 331 | M6: =L6+K6/$D$3 | N6: 2 | O6: 3 | P6: 2 | Q6: O2, O3, O1 | R6: Closes the top-ranked risk; detection is a prerequisite for every other response. Required by HIPAA §164.312(b).
A7: C02 | B7: EHR storage network lockdown | C7: Mitigate | D7: R02 | E7: Disable public network access and shared-key auth on hvmcehrstorage; private endpoint in HVMC-Data-Subnet; access only via Entra RBAC | F7: PR.AA-05, PR.DS-01, PR.IR-01 | G7: 8.3 Information access restriction; 8.20 Networks security; 5.23 Cloud services | H7: Fatima Ali | I7: 16 | J7: 0 | K7: =I7*$B$3+J7 | L7: 90 | M7: =L7+K7/$D$3 | N7: 1 | O7: 1 | P7: 1 | Q7: O2, O3 | R7: One leaked key currently exposes all ePHI; private access removes the internet path entirely.
A8: C03 | B8: Enforced network segmentation | C8: Mitigate | D8: R03 | E8: Explicit Deny-All-VNet-Inbound (priority 4000) on Data and App NSGs; Azure Policy to audit NSGs lacking the rule | F8: PR.IR-01, PR.PS-01 | G8: 8.22 Segregation of networks; 8.20 Networks security | H8: Fatima Ali | I8: 8 | J8: 0 | K8: =I8*$B$3+J8 | L8: 0 | M8: =L8+K8/$D$3 | N8: 1 | O8: 1 | P8: 1 | Q8: O1, O2 | R8: Default AllowVnetInBound undoes the three-tier design; a deny rule restores it at zero licence cost.
A9: C04 | B9: Privileged access resilience | C9: Mitigate | D9: R04 | E9: Two cloud-only break-glass Global Admins (offline credentials, sign-in alert); second named admin; Privileged Identity Management for just-in-time elevation | F9: PR.AA-05, GV.RR-02 | G9: 8.2 Privileged access rights; 5.3 Segregation of duties | H9: Sabitha S Karanavar | I9: 8 | J9: 0 | K9: =I9*$B$3+J9 | L9: 216 | M9: =L9+K9/$D$3 | N9: 1 | O9: 1 | P9: 1 | Q9: O1, O2 | R9: Removes the single point of failure found in the BIA; PIM needs Entra ID P2 for 2 admins (2 × $9/month).
A10: C05 | B10: Ransomware-resilient recovery | C10: Mitigate | D10: R05 | E10: Blob versioning; 30-day soft delete; Azure Backup vaulted backup with immutability; quarterly restore test against BIA RTO 4 h / RPO 15 min | F10: PR.DS-11, PR.IR-03, RC.RP-01 | G10: 8.13 Information backup; 8.14 Redundancy; 5.30 ICT readiness for business continuity | H10: Fatima Ali | I10: 16 | J10: 0 | K10: =I10*$B$3+J10 | L10: 2400 | M10: =L10+K10/$D$3 | N10: 2 | O10: 3 | P10: 3 | Q10: O1, O4, O2 | R10: Versioning is off today, so encrypted blobs cannot be rolled back; this meets the BIA RPO.
A11: C06 | B11: Malware scanning for EHR uploads | C11: Mitigate | D11: R11 | E11: Microsoft Defender for Storage with on-upload malware scanning; security contact email for alerts | F11: DE.CM-09, DE.AE-02 | G11: 8.7 Protection against malware; 8.16 Monitoring activities | H11: Denise Coleman | I11: 2 | J11: 0 | K11: =I11*$B$3+J11 | L11: 210 | M11: =L11+K11/$D$3 | N11: 2 | O11: 4 | P11: 1 | Q11: O1, O3 | R11: Files arrive from many clinical devices; scanning stops malware spreading through shared storage.
A12: C07 | B12: Conditional Access and phishing-resistant MFA | C12: Mitigate | D12: R12 | E12: Entra ID P1 for 31 users; Conditional Access requiring phishing-resistant methods (passkeys in Microsoft Authenticator) for clinical and admin groups; sign-in risk blocking | F12: PR.AA-03, PR.AA-05 | G12: 8.5 Secure authentication; 5.17 Authentication information | H12: Sabitha S Karanavar | I12: 16 | J12: 0 | K12: =I12*$B$3+J12 | L12: 2232 | M12: =L12+K12/$D$3 | N12: 3 | O12: 6 | P12: 3 | Q12: O1, O2, O3 | R12: Security defaults allow push/OTP MFA that AiTM kits can proxy; passkeys are bound to the real sign-in site.
A13: C08 | B13: Tenant hardening | C13: Mitigate | D13: R08 | E13: Disable user app registration and tenant creation; restrict guest invites to admins; admin consent workflow | F13: PR.AA-05, PR.PS-01 | G13: 5.15 Access control; 8.9 Configuration management | H13: Sabitha S Karanavar | I13: 4 | J13: 0 | K13: =I13*$B$3+J13 | L13: 0 | M13: =L13+K13/$D$3 | N13: 1 | O13: 1 | P13: 1 | Q13: O2, O3 | R13: Three insecure defaults found by the checklist; fixing them costs only configuration time.
A14: C09 | B14: EHR access auditing and owner review | C14: Mitigate | D14: R13 | E14: Record-level EHR access logging; monthly review of unusual access by the system owner; reason-code prompt for out-of-unit records | F14: DE.CM-03, PR.AA-05 | G14: 8.15 Logging; 5.18 Access rights | H14: Denise Coleman | I14: 8 | J14: 0 | K14: =I14*$B$3+J14 | L14: 3600 | M14: =L14+K14/$D$3 | N14: 3 | O14: 6 | P14: 3 | Q14: O2, O3 | R14: Snooping is the most common OCR complaint; visible auditing deters it and finds it early.
A15: C10 | B15: Sanction policy and training tracking | C15: Mitigate | D15: R14 | E15: Written workforce sanction policy; annual HIPAA training with completion tracking | F15: PR.AT-01, GV.RR-04 | G15: 6.4 Disciplinary process; 6.3 Information security awareness, education and training | H15: Daniel Osei | I15: 12 | J15: 0 | K15: =I15*$B$3+J15 | L15: 500 | M15: =L15+K15/$D$3 | N15: 2 | O15: 3 | P15: 2 | Q15: O2 | R15: Required HIPAA standard (§164.308(a)(1)(ii)(C)) and an easy audit finding to close.
A16: C11 | B16: Privacy Officer and breach procedure | C16: Mitigate | D16: R16 | E16: Designate a Privacy Officer; documented breach-risk assessment and 60-day notification procedure; annual breach tabletop | F16: GV.RR-02, RS.CO-02 | G16: 5.2 Roles and responsibilities; 5.24 Incident management planning; 5.34 Privacy and protection of PII | H16: Denise Coleman | I16: 16 | J16: 0 | K16: =I16*$B$3+J16 | L16: 5000 | M16: =L16+K16/$D$3 | N16: 3 | O16: 5 | P16: 3 | Q16: O2, O3 | R16: HIPAA requires the role; a clear owner stops the §164.404 deadline being missed.
A17: C12 | B17: Contractor lifecycle and BAA | C17: Transfer | D17: R06 | E17: Business Associate Agreement with indemnification and proof of the contractor firm's cyber insurance; account end date and quarterly review | F17: GV.SC-05, PR.AA-01 | G17: 5.19 Supplier relationships; 5.20 Supplier agreements; 5.18 Access rights | H17: Kevin O'Brien | I17: 6 | J17: 1500 | K17: =I17*$B$3+J17 | L17: 0 | M17: =L17+K17/$D$3 | N17: 1 | O17: 1 | P17: 2 | Q17: O2, O4 | R17: Transfers liability for contractor-caused breaches to the contractor firm and its insurer; expiry limits exposure time.
... A21: A01 | B21: Formal acceptance — accidental deletion | C21: Accept | D21: R15 | E21: Accept: weighted score 5.8 (Low) is within appetite; two experienced admins; RA-GRS keeps data if resources are rebuilt. Review annually. | F21: GV.RM-02 | G21: Clause 6.1.3 (risk owner acceptance) | H21: Kevin O'Brien | I21: 1 | J21: 0 | K21: =I21*$B$3+J21 | L21: 0 | M21: =L21+K21/$D$3 | N21: 1 | O21: 1 | P21: 1 | Q21: O4 | R21: Treatment cost would exceed benefit for a Low risk; acceptance is documented with a review trigger.
B22: Total | I22: =SUM(I6:I21) | K22: =SUM(K6:K21) | L22: =SUM(L6:L21) | M22: =SUM(M6:M21)

Sheet Treatment Plan
A1: Risk Treatment Plan — all 16 risks
A2: Every risk has a strategy (Avoid / Mitigate / Transfer / Accept), controls, owner and target
A4: Risk | B4: Title | C4: Risk owner | D4: Strategy | E4: Controls | F4: Inherent score | G4: Inherent rating | H4: Target date | I4: Acceptance of residual by
A5: R01 | B5: Security incident goes undetected for months (no central logging or alerting) | C5: Fatima Ali | D5: Mitigate | E5: C01 | F5: 16.64 | G5: High | H5: Week 4 | I5: System owner + Security & Risk Lead
A6: R02 | B6: ePHI exfiltration from EHR storage over the public internet | C6: Fatima Ali | D6: Mitigate + Transfer | E6: C02, T01 | F6: 11.76 | G6: High | H6: Week 8 | I6: Security Officer (Low)
A7: R03 | B7: Lateral movement from Web tier to Data tier | C7: Fatima Ali | D7: Mitigate | E7: C03 | F7: 13.56 | G7: High | H7: Week 1 | I7: Security Officer (Low)
A8: R04 | B8: Loss or takeover of the only Global Administrator account | C8: Sabitha S Karanavar | D8: Mitigate | E8: C04 | F8: 9.72 | G8: Medium | H8: Week 1 | I8: Security Officer (Low)
A9: R05 | B9: Ransomware or malicious deletion destroys EHR data | C9: Fatima Ali | D9: Mitigate + Transfer | E9: C05, T01 | F9: 14.01 | G9: High | H9: Week 8 | I9: System owner + Security & Risk Lead
A10: R06 | B10: Contractor retains access after engagement ends; no BAA | C10: Kevin O'Brien | D10: Transfer | E10: C12 | F10: 4.6 | G10: Low | H10: Week 2 | I10: Security Officer (Low)
A11: R07 | B11: Shared test account in production can read ePHI | C11: Sabitha S Karanavar | D11: Avoid | E11: C14 | F11: 3.56 | G11: Low | H11: Week 1 | I11: n/a
A12: R08 | B12: Consent phishing or rogue app via open tenant settings | C12: Sabitha S Karanavar | D12: Mitigate | E12: C08 | F12: 8.91 | G12: Medium | H12: Week 1 | I12: Security Officer (Low)
A13: R09 | B13: Remote code execution via OpenSSH 6.6.1p1 (CVE-2023-38408, CVSS 9.8) | C13: Kevin O'Brien | D13: Avoid | E13: C13 | F13: 9.57 | G13: Medium | H13: Week 2 | I13: n/a
A14: R10 | B14: Remote code execution via Apache 2.4.7 mod_lua (CVE-2021-44790, CVSS 9.8) | C14: Kevin O'Brien | D14: Avoid | E14: C13 | F14: 12.76 | G14: High | H14: Week 2 | I14: n/a
A15: R11 | B15: Malware uploaded to EHR storage is not detected | C15: Denise Coleman | D15: Mitigate | E15: C06 | F15: 10.08 | G15: Medium | H15: Week 4 | I15: Security Officer (Low)
A16: R12 | B16: Clinician credentials stolen by MFA-bypass (AiTM) phishing | C16: Denise Coleman | D16: Mitigate | E16: C07 | F16: 8.91 | G16: Medium | H16: Week 8 | I16: Security Officer (Low)
... A20: R16 | B20: Breach notification deadline missed (no Privacy Officer) | C20: Denise Coleman | D20: Mitigate | E20: C11 | F20: 6.12 | G20: Medium | H20: Week 7 | I20: Security Officer (Low)

Sheet Cost-Benefit
A1: Cost-Benefit Analysis
A2: ALE before/after from the Risk Assessment ALE model; annualized control cost from Controls sheet
A4: Risk | B4: Control | C4: ALE before | D4: ALE after | E4: ALE reduction | F4: Annualized cost | G4: Net annual benefit | H4: ROSI | I4: Payback (days)
A5: R01 | B5: C01 Central logging, alerting and flow logs | C5: 864926 | D5: 345971 | E5: =C5-D5 | F5: =Controls!M6 | G5: =E5-F5 | H5: =G5/F5 | I5: =Controls!K6/(E5/365)
A6: R02 | B6: C02 EHR storage network lockdown | C6: 600643 | D6: 120129 | E6: =C6-D6 | F6: =Controls!M7 | G6: =E6-F6 | H6: =G6/F6 | I6: =Controls!K7/(E6/365)
A7: R05 | B7: C05 Ransomware-resilient recovery | C7: 1057132 | D7: 288309 | E7: =C7-D7 | F7: =Controls!M10 | G7: =E7-F7 | H7: =G7/F7 | I7: =Controls!K10/(E7/365)
A8: R12 | B8: C07 Conditional Access and phishing-resistant MFA | C8: 168180 | D8: 38441 | E8: =C8-D8 | F8: =Controls!M12 | G8: =E8-F8 | H8: =G8/F8 | I8: =Controls!K12/(E8/365)
A9: R13 | B9: C09 EHR access auditing and owner review | C9: 74960 | D9: 24987 | E9: =C9-D9 | F9: =Controls!M14 | G9: =E9-F9 | H9: =G9/F9 | I9: =Controls!K14/(E9/365)
B10: Total | C10: =SUM(C5:C9) | D10: =SUM(D5:D9) | E10: =SUM(E5:E9) | F10: =SUM(F5:F9) | G10: =SUM(G5:G9)
A13: Risk transfer — cyber insurance (T01)
A14: Residual ALE R02 + R05 after controls | B14: =D6+D7
A15: Share covered above retention (assumption) | B15: 0.8
A16: Expected annual recovery | B16: =B14*B15
A17: Annual premium (assumption) | B17: 25000
A18: Net expected benefit | B18: =B16-B17
A19: Policy limit / retention | B19: $5,000,000 / $100,000

Sheet Residual Risk
A1: Inherent vs Residual Risk and Control Effectiveness
A2: Residual score = residual likelihood × weighted impact (weights in H3:K3). Effectiveness = 1 − residual / inherent. | H2: w Financial | I2: w Operational | J2: w Compliance | K2: w Reputation
H3: 0.19 | I3: 0.36 | J3: 0.33 | K3: 0.12
A5: Risk | B5: Title | C5: Strategy | D5: Controls | E5: Inherent score | F5: Inherent rating | G5: Residual L | H5: Residual F | I5: Residual O | J5: Residual C | K5: Residual R | L5: Residual score | M5: Residual rating | N5: Effectiveness | O5: Why it drops
A6: R01 | B6: Security incident goes undetected for months (no central logging or alerting) | C6: Mitigate | D6: C01 | E6: 16.64 | F6: High | G6: 2 | H6: 3 | I6: 3 | J6: 4 | K6: 3 | L6: =G6*(H6*$H$3+I6*$I$3+J6*$J$3+K6*$K$3) | M6: =IF(L6>=20,"Critical",IF(OR(L6>=12,AND(MAX(H6:K6)=5,G6>=3)),"High",IF(L6>=6,"Medium","Low"))) | N6: =1-L6/E6 | O6: Alerts cut dwell time from months to hours (lower impact) and deter attackers (L 4→2)
A7: R02 | B7: ePHI exfiltration from EHR storage over the public internet | C7: Mitigate + Transfer | D7: C02, T01 | E7: 11.76 | F7: High | G7: 1 | H7: 5 | I7: 2 | J7: 5 | K7: 5 | L7: =G7*(H7*$H$3+I7*$I$3+J7*$J$3+K7*$K$3) | M7: =IF(L7>=20,"Critical",IF(OR(L7>=12,AND(MAX(H7:K7)=5,G7>=3)),"High",IF(L7>=6,"Medium","Low"))) | N7: =1-L7/E7 | O7: No internet path to storage; exploitation needs an insider with RBAC (L 3→1)
A8: R03 | B8: Lateral movement from Web tier to Data tier | C8: Mitigate | D8: C03 | E8: 13.56 | F8: High | G8: 1 | H8: 5 | I8: 4 | J8: 5 | K8: 4 | L8: =G8*(H8*$H$3+I8*$I$3+J8*$J$3+K8*$K$3) | M8: =IF(L8>=20,"Critical",IF(OR(L8>=12,AND(MAX(H8:K8)=5,G8>=3)),"High",IF(L8>=6,"Medium","Low"))) | N8: =1-L8/E8 | O8: Deny rule leaves only SQL 1433 from the App tier (L 3→1)
A9: R04 | B9: Loss or takeover of the only Global Administrator account | C9: Mitigate | D9: C04 | E9: 9.72 | F9: Medium | G9: 1 | H9: 3 | I9: 4 | J9: 3 | K9: 2 | L9: =G9*(H9*$H$3+I9*$I$3+J9*$J$3+K9*$K$3) | M9: =IF(L9>=20,"Critical",IF(OR(L9>=12,AND(MAX(H9:K9)=5,G9>=3)),"High",IF(L9>=6,"Medium","Low"))) | N9: =1-L9/E9 | O9: Break-glass and second admin remove lockout; PIM removes standing privilege (L 3→1)
A10: R05 | B10: Ransomware or malicious deletion destroys EHR data | C10: Mitigate + Transfer | D10: C05, T01 | E10: 14.01 | F10: High | G10: 3 | H10: 3 | I10: 3 | J10: 3 | K10: 3 | L10: =G10*(H10*$H$3+I10*$I$3+J10*$J$3+K10*$K$3) | M10: =IF(L10>=20,"Critical",IF(OR(L10>=12,AND(MAX(H10:K10)=5,G10>=3)),"High",IF(L10>=6,"Medium","Low"))) | N10: =1-L10/E10 | O10: Attacks still likely, but versioned, immutable backups cap outage within MTD (impact 5→3)
A11: R06 | B11: Contractor retains access after engagement ends; no BAA | C11: Transfer | D11: C12 | E11: 4.6 | F11: Low | G11: 1 | H11: 2 | I11: 1 | J11: 3 | K11: 2 | L11: =G11*(H11*$H$3+I11*$I$3+J11*$J$3+K11*$K$3) | M11: =IF(L11>=20,"Critical",IF(OR(L11>=12,AND(MAX(H11:K11)=5,G11>=3)),"High",IF(L11>=6,"Medium","Low"))) | N11: =1-L11/E11 | O11: Expiry limits exposure; BAA moves liability to contractor firm (L 2→1, C 4→3)
A12: R07 | B12: Shared test account in production can read ePHI | C12: Avoid | D12: C14 | E12: 3.56 | F12: Low | G12: 0 | H12: 0 | I12: 0 | J12: 0 | K12: 0 | L12: 0 | M12: Eliminated | N12: =1-L12/E12 | O12: Account removed — risk eliminated
A13: R08 | B13: Consent phishing or rogue app via open tenant settings | C13: Mitigate | D13: C08 | E13: 8.91 | F13: Medium | G13: 1 | H13: 3 | I13: 2 | J13: 4 | K13: 3 | L13: =G13*(H13*$H$3+I13*$I$3+J13*$J$3+K13*$K$3) | M13: =IF(L13>=20,"Critical",IF(OR(L13>=12,AND(MAX(H13:K13)=5,G13>=3)),"High",IF(L13>=6,"Medium","Low"))) | N13: =1-L13/E13 | O13: Users can no longer register or consent to apps (L 3→1)
A14: R09 | B14: Remote code execution via OpenSSH 6.6.1p1 (CVE-2023-38408, CVSS 9.8) | C14: Avoid | D14: C13 | E14: 9.57 | F14: Medium | G14: 0 | H14: 0 | I14: 0 | J14: 0 | K14: 0 | L14: 0 | M14: Eliminated | N14: =1-L14/E14 | O14: Server decommissioned — risk eliminated
A15: R10 | B15: Remote code execution via Apache 2.4.7 mod_lua (CVE-2021-44790, CVSS 9.8) | C15: Avoid | D15: C13 | E15: 12.76 | F15: High | G15: 0 | H15: 0 | I15: 0 | J15: 0 | K15: 0 | L15: 0 | M15: Eliminated | N15: =1-L15/E15 | O15: Server decommissioned — risk eliminated
A16: R11 | B16: Malware uploaded to EHR storage is not detected | C16: Mitigate | D16: C06 | E16: 10.08 | F16: Medium | G16: 2 | H16: 3 | I16: 2 | J16: 3 | K16: 3 | L16: =G16*(H16*$H$3+I16*$I$3+J16*$J$3+K16*$K$3) | M16: =IF(L16>=20,"Critical",IF(OR(L16>=12,AND(MAX(H16:K16)=5,G16>=3)),"High",IF(L16>=6,"Medium","Low"))) | N16: =1-L16/E16 | O16: Uploads scanned before use (L 3→2, O 4→2)
A17: R12 | B17: Clinician credentials stolen by MFA-bypass (AiTM) phishing | C17: Mitigate | D17: C07 | E17: 8.91 | F17: Medium | G17: 1 | H17: 3 | I17: 2 | J17: 4 | K17: 3 | L17: =G17*(H17*$H$3+I17*$I$3+J17*$J$3+K17*$K$3) | M17: =IF(L17>=20,"Critical",IF(OR(L17>=12,AND(MAX(H17:K17)=5,G17>=3)),"High",IF(L17>=6,"Medium","Low"))) | N17: =1-L17/E17 | O17: Phishing-resistant MFA defeats AiTM proxies (L 3→1)
A18: R13 | B18: Workforce member views patient records without a care need (snooping) | C18: Mitigate | D18: C09 | E18: 7.62 | F18: Medium | G18: 2 | H18: 2 | I18: 1 | J18: 4 | K18: 3 | L18: =G18*(H18*$H$3+I18*$I$3+J18*$J$3+K18*$K$3) | M18: =IF(L18>=20,"Critical",IF(OR(L18>=12,AND(MAX(H18:K18)=5,G18>=3)),"High",IF(L18>=6,"Medium","Low"))) | N18: =1-L18/E18 | O18: Auditing deters and detects early (L 3→2, R 4→3); some snooping remains — residual accepted by owner
A19: R14 | B19: Workforce violations go unpunished; training not tracked | C19: Mitigate | D19: C10 | E19: 3.94 | F19: Low | G19: 1 | H19: 2 | I19: 1 | J19: 3 | K19: 2 | L19: =G19*(H19*$H$3+I19*$I$3+J19*$J$3+K19*$K$3) | M19: =IF(L19>=20,"Critical",IF(OR(L19>=12,AND(MAX(H19:K19)=5,G19>=3)),"High",IF(L19>=6,"Medium","Low"))) | N19: =1-L19/E19 | O19: Policy and tracked training in place (L 2→1)
A20: R15 | B20: Accidental deletion of production network or storage | C20: Accept | D20: A01 | E20: 5.82 | F20: Low | G20: 2 | H20: 3 | I20: 4 | J20: 2 | K20: 2 | L20: =G20*(H20*$H$3+I20*$I$3+J20*$J$3+K20*$K$3) | M20: =IF(L20>=20,"Critical",IF(OR(L20>=12,AND(MAX(H20:K20)=5,G20>=3)),"High",IF(L20>=6,"Medium","Low"))) | N20: =1-L20/E20 | O20: Accepted — no change
A21: R16 | B21: Breach notification deadline missed (no Privacy Officer) | C21: Mitigate | D21: C11 | E21: 6.12 | F21: Medium | G21: 1 | H21: 3 | I21: 1 | J21: 4 | K21: 4 | L21: =G21*(H21*$H$3+I21*$I$3+J21*$J$3+K21*$K$3) | M21: =IF(L21>=20,"Critical",IF(OR(L21>=12,AND(MAX(H21:K21)=5,G21>=3)),"High",IF(L21>=6,"Medium","Low"))) | N21: =1-L21/E21 | O21: Named Privacy Officer and procedure (L 2→1, C 5→4)
B22: Total / portfolio effectiveness | E22: =SUM(E6:E21) | L22: =SUM(L6:L21) | N22: =1-L22/E22

Sheet KPIs & Monitoring
A1: Control Effectiveness Measures and Monitoring
A2: Status column is filled in at each review; Red items escalate per the HVMC escalation matrix
A4: Control | B4: Name | C4: Owner | D4: KPI (metric) | E4: Target | F4: Data source / test | G4: Frequency | H4: Status (G/A/R) | I4: Last checked | J4: Notes
A5: C01 | B5: Central logging, alerting and flow logs | C5: Fatima Ali | D5: Resources sending logs / alert-to-triage time | E5: 100% / < 15 min | F5: az monitor diagnostic-settings list; test alert | G5: Monthly
A6: C02 | B6: EHR storage network lockdown | C6: Fatima Ali | D6: publicNetworkAccess / allowSharedKeyAccess | E6: Disabled / false | F6: az storage account show | G6: Monthly
A7: C03 | B7: Enforced network segmentation | C7: Fatima Ali | D7: Web→Data test on non-1433 port / Policy compliance | E7: Blocked / 100% | F7: Quarterly connectivity test; Azure Policy | G7: Quarterly
A8: C04 | B8: Privileged access resilience | C8: Sabitha S Karanavar | D8: Standing Global Admins / break-glass alert test | E8: ≤ 2 + break-glass / pass | F8: Entra roles report; quarterly test sign-in | G8: Quarterly
A9: C05 | B9: Ransomware-resilient recovery | C9: Fatima Ali | D9: Restore test result vs RTO/RPO | E9: ≤ 4 h / ≤ 15 min | F9: Quarterly restore drill record | G9: Quarterly
A10: C06 | B10: Malware scanning for EHR uploads | C10: Denise Coleman | D10: Scan coverage / alerts reviewed in SLA | E10: 100% / 100% | F10: Defender for Cloud | G10: Monthly
A11: C07 | B11: Conditional Access and phishing-resistant MFA | C11: Sabitha S Karanavar | D11: Users covered by CA / phishing-resistant registration | E11: 100% / ≥ 90% | F11: Entra authentication-methods report | G11: Monthly
A12: C08 | B12: Tenant hardening | C12: Sabitha S Karanavar | D12: authorizationPolicy settings | E12: allowedToCreateApps=false; invites=admins | F12: Graph authorizationPolicy | G12: Monthly
A13: C09 | B13: EHR access auditing and owner review | C13: Denise Coleman | D13: Monthly reviews completed / unexplained accesses | E13: 100% / 0 open > 30 days | F13: Review log | G13: Monthly
A14: C10 | B14: Sanction policy and training tracking | C14: Daniel Osei | D14: Training completion | E14: ≥ 95% annually | F14: HR training records | G14: Quarterly
A15: C11 | B15: Privacy Officer and breach procedure | C15: Denise Coleman | D15: Breach assessments completed within 5 days | E15: 100% | F15: Incident records; tabletop report | G15: Annually + per incident
A16: C12 | B16: Contractor lifecycle and BAA | C16: Kevin O'Brien | D16: Contractor accounts with end date / BAA on file | E16: 100% / yes | F16: Entra user report; contract register | G16: Quarterly
... A20: A01 | B20: Formal acceptance — accidental deletion | C20: Kevin O'Brien | D20: Number of admins / incidents | E20: ≤ 4 / 0 | F20: Entra roles; incident log | G20: Annually

Sheet Timeline
A1: Implementation Timeline (week 1 = Oct 19, 2026)
A2: Bars are formulas: a cell fills when the week falls inside start..start+weeks−1
A4: ID | B4: Control | C4: Owner | D4: Phase | E4: Start | F4: Weeks | G4: W1 | H4: W2 | I4: W3 | J4: W4 | K4: W5 | L4: W6 | M4: W7 | N4: W8
A5: C01 | B5: Central logging, alerting and flow logs | C5: Fatima Ali | D5: 2 | E5: 3 | F5: 2 | G5: =IF(AND(1>=$E5,1<$E5+$F5),"■","") | H5: =IF(AND(2>=$E5,2<$E5+$F5),"■","") | I5: =IF(AND(3>=$E5,3<$E5+$F5),"■","") | J5: =IF(AND(4>=$E5,4<$E5+$F5),"■","") | K5: =IF(AND(5>=$E5,5<$E5+$F5),"■","") | L5: =IF(AND(6>=$E5,6<$E5+$F5),"■","") | M5: =IF(AND(7>=$E5,7<$E5+$F5),"■","") | N5: =IF(AND(8>=$E5,8<$E5+$F5),"■","")
A6: C02 | B6: EHR storage network lockdown | C6: Fatima Ali | D6: 1 | E6: 1 | F6: 1 | G6: =IF(AND(1>=$E6,1<$E6+$F6),"■","") | H6: =IF(AND(2>=$E6,2<$E6+$F6),"■","") | I6: =IF(AND(3>=$E6,3<$E6+$F6),"■","") | J6: =IF(AND(4>=$E6,4<$E6+$F6),"■","") | K6: =IF(AND(5>=$E6,5<$E6+$F6),"■","") | L6: =IF(AND(6>=$E6,6<$E6+$F6),"■","") | M6: =IF(AND(7>=$E6,7<$E6+$F6),"■","") | N6: =IF(AND(8>=$E6,8<$E6+$F6),"■","")
A7: C03 | B7: Enforced network segmentation | C7: Fatima Ali | D7: 1 | E7: 1 | F7: 1 | G7: =IF(AND(1>=$E7,1<$E7+$F7),"■","") | H7: =IF(AND(2>=$E7,2<$E7+$F7),"■","") | I7: =IF(AND(3>=$E7,3<$E7+$F7),"■","") | J7: =IF(AND(4>=$E7,4<$E7+$F7),"■","") | K7: =IF(AND(5>=$E7,5<$E7+$F7),"■","") | L7: =IF(AND(6>=$E7,6<$E7+$F7),"■","") | M7: =IF(AND(7>=$E7,7<$E7+$F7),"■","") | N7: =IF(AND(8>=$E7,8<$E7+$F7),"■","")
A8: C04 | B8: Privileged access resilience | C8: Sabitha S Karanavar | D8: 1 | E8: 1 | F8: 1 | G8: =IF(AND(1>=$E8,1<$E8+$F8),"■","") | H8: =IF(AND(2>=$E8,2<$E8+$F8),"■","") | I8: =IF(AND(3>=$E8,3<$E8+$F8),"■","") | J8: =IF(AND(4>=$E8,4<$E8+$F8),"■","") | K8: =IF(AND(5>=$E8,5<$E8+$F8),"■","") | L8: =IF(AND(6>=$E8,6<$E8+$F8),"■","") | M8: =IF(AND(7>=$E8,7<$E8+$F8),"■","") | N8: =IF(AND(8>=$E8,8<$E8+$F8),"■","")
A9: C05 | B9: Ransomware-resilient recovery | C9: Fatima Ali | D9: 2 | E9: 3 | F9: 3 | G9: =IF(AND(1>=$E9,1<$E9+$F9),"■","") | H9: =IF(AND(2>=$E9,2<$E9+$F9),"■","") | I9: =IF(AND(3>=$E9,3<$E9+$F9),"■","") | J9: =IF(AND(4>=$E9,4<$E9+$F9),"■","") | K9: =IF(AND(5>=$E9,5<$E9+$F9),"■","") | L9: =IF(AND(6>=$E9,6<$E9+$F9),"■","") | M9: =IF(AND(7>=$E9,7<$E9+$F9),"■","") | N9: =IF(AND(8>=$E9,8<$E9+$F9),"■","")
A10: C06 | B10: Malware scanning for EHR uploads | C10: Denise Coleman | D10: 2 | E10: 4 | F10: 1 | G10: =IF(AND(1>=$E10,1<$E10+$F10),"■","") | H10: =IF(AND(2>=$E10,2<$E10+$F10),"■","") | I10: =IF(AND(3>=$E10,3<$E10+$F10),"■","") | J10: =IF(AND(4>=$E10,4<$E10+$F10),"■","") | K10: =IF(AND(5>=$E10,5<$E10+$F10),"■","") | L10: =IF(AND(6>=$E10,6<$E10+$F10),"■","") | M10: =IF(AND(7>=$E10,7<$E10+$F10),"■","") | N10: =IF(AND(8>=$E10,8<$E10+$F10),"■","")
A11: C07 | B11: Conditional Access and phishing-resistant MFA | C11: Sabitha S Karanavar | D11: 3 | E11: 6 | F11: 3 | G11: =IF(AND(1>=$E11,1<$E11+$F11),"■","") | H11: =IF(AND(2>=$E11,2<$E11+$F11),"■","") | I11: =IF(AND(3>=$E11,3<$E11+$F11),"■","") | J11: =IF(AND(4>=$E11,4<$E11+$F11),"■","") | K11: =IF(AND(5>=$E11,5<$E11+$F11),"■","") | L11: =IF(AND(6>=$E11,6<$E11+$F11),"■","") | M11: =IF(AND(7>=$E11,7<$E11+$F11),"■","") | N11: =IF(AND(8>=$E11,8<$E11+$F11),"■","")
A12: C08 | B12: Tenant hardening | C12: Sabitha S Karanavar | D12: 1 | E12: 1 | F12: 1 | G12: =IF(AND(1>=$E12,1<$E12+$F12),"■","") | H12: =IF(AND(2>=$E12,2<$E12+$F12),"■","") | I12: =IF(AND(3>=$E12,3<$E12+$F12),"■","") | J12: =IF(AND(4>=$E12,4<$E12+$F12),"■","") | K12: =IF(AND(5>=$E12,5<$E12+$F12),"■","") | L12: =IF(AND(6>=$E12,6<$E12+$F12),"■","") | M12: =IF(AND(7>=$E12,7<$E12+$F12),"■","") | N12: =IF(AND(8>=$E12,8<$E12+$F12),"■","")
A13: C09 | B13: EHR access auditing and owner review | C13: Denise Coleman | D13: 3 | E13: 6 | F13: 3 | G13: =IF(AND(1>=$E13,1<$E13+$F13),"■","") | H13: =IF(AND(2>=$E13,2<$E13+$F13),"■","") | I13: =IF(AND(3>=$E13,3<$E13+$F13),"■","") | J13: =IF(AND(4>=$E13,4<$E13+$F13),"■","") | K13: =IF(AND(5>=$E13,5<$E13+$F13),"■","") | L13: =IF(AND(6>=$E13,6<$E13+$F13),"■","") | M13: =IF(AND(7>=$E13,7<$E13+$F13),"■","") | N13: =IF(AND(8>=$E13,8<$E13+$F13),"■","")
A14: C10 | B14: Sanction policy and training tracking | C14: Daniel Osei | D14: 2 | E14: 3 | F14: 2 | G14: =IF(AND(1>=$E14,1<$E14+$F14),"■","") | H14: =IF(AND(2>=$E14,2<$E14+$F14),"■","") | I14: =IF(AND(3>=$E14,3<$E14+$F14),"■","") | J14: =IF(AND(4>=$E14,4<$E14+$F14),"■","") | K14: =IF(AND(5>=$E14,5<$E14+$F14),"■","") | L14: =IF(AND(6>=$E14,6<$E14+$F14),"■","") | M14: =IF(AND(7>=$E14,7<$E14+$F14),"■","") | N14: =IF(AND(8>=$E14,8<$E14+$F14),"■","")
A15: C11 | B15: Privacy Officer and breach procedure | C15: Denise Coleman | D15: 3 | E15: 5 | F15: 3 | G15: =IF(AND(1>=$E15,1<$E15+$F15),"■","") | H15: =IF(AND(2>=$E15,2<$E15+$F15),"■","") | I15: =IF(AND(3>=$E15,3<$E15+$F15),"■","") | J15: =IF(AND(4>=$E15,4<$E15+$F15),"■","") | K15: =IF(AND(5>=$E15,5<$E15+$F15),"■","") | L15: =IF(AND(6>=$E15,6<$E15+$F15),"■","") | M15: =IF(AND(7>=$E15,7<$E15+$F15),"■","") | N15: =IF(AND(8>=$E15,8<$E15+$F15),"■","")
A16: C12 | B16: Contractor lifecycle and BAA | C16: Kevin O'Brien | D16: 1 | E16: 1 | F16: 2 | G16: =IF(AND(1>=$E16,1<$E16+$F16),"■","") | H16: =IF(AND(2>=$E16,2<$E16+$F16),"■","") | I16: =IF(AND(3>=$E16,3<$E16+$F16),"■","") | J16: =IF(AND(4>=$E16,4<$E16+$F16),"■","") | K16: =IF(AND(5>=$E16,5<$E16+$F16),"■","") | L16: =IF(AND(6>=$E16,6<$E16+$F16),"■","") | M16: =IF(AND(7>=$E16,7<$E16+$F16),"■","") | N16: =IF(AND(8>=$E16,8<$E16+$F16),"■","")
... A20: A01 | B20: Formal acceptance — accidental deletion | C20: Kevin O'Brien | D20: 1 | E20: 1 | F20: 1 | G20: =IF(AND(1>=$E20,1<$E20+$F20),"■","") | H20: =IF(AND(2>=$E20,2<$E20+$F20),"■","") | I20: =IF(AND(3>=$E20,3<$E20+$F20),"■","") | J20: =IF(AND(4>=$E20,4<$E20+$F20),"■","") | K20: =IF(AND(5>=$E20,5<$E20+$F20),"■","") | L20: =IF(AND(6>=$E20,6<$E20+$F20),"■","") | M20: =IF(AND(7>=$E20,7<$E20+$F20),"■","") | N20: =IF(AND(8>=$E20,8<$E20+$F20),"■","")

Sheet Business Alignment
A1: Alignment of Controls to HVMC Business Objectives
A2: ● = control directly supports the objective
A4: Control | B4: Name | C4: O1: Continuous, safe patient care | D4: O2: HIPAA compliance (avoid OCR penalties) | E4: O3: Protect patient trust and HVMC reputation | F4: O4: Financial sustainability | G4: O5: Secure migration of LIS and Pharmacy to Azure
A5: C01 | B5: Central logging, alerting and flow logs | C5: ● | D5: ● | E5: ●
A6: C02 | B6: EHR storage network lockdown | D6: ● | E6: ●
A7: C03 | B7: Enforced network segmentation | C7: ● | D7: ●
A8: C04 | B8: Privileged access resilience | C8: ● | D8: ●
A9: C05 | B9: Ransomware-resilient recovery | C9: ● | D9: ● | F9: ●
A10: C06 | B10: Malware scanning for EHR uploads | C10: ● | E10: ●
A11: C07 | B11: Conditional Access and phishing-resistant MFA | C11: ● | D11: ● | E11: ●
A12: C08 | B12: Tenant hardening | D12: ● | E12: ●
A13: C09 | B13: EHR access auditing and owner review | D13: ● | E13: ●
A14: C10 | B14: Sanction policy and training tracking | D14: ●
A15: C11 | B15: Privacy Officer and breach procedure | D15: ● | E15: ●
A16: C12 | B16: Contractor lifecycle and BAA | D16: ● | F16: ●
A17: C13 | B17: Decommission legacy public server | E17: ● | F17: ●
A18: C14 | B18: Separate test from production | D18: ●
A19: T01 | B19: Cyber liability insurance | F19: ●
A20: A01 | B20: Formal acceptance — accidental deletion | F20: ●
